product_id,product_title,product_slug,product_status,categories
232,125ft Army Assault Course,125ft-army-assault-course,publish,Inflatable Assault Course and Obstacle Course Hire | Large Inflatables
238,150ft Army Assault Course,150ft-army-assault-course,publish,Inflatable Assault Course and Obstacle Course Hire | Large Inflatables | Large Inflatables > Courses | Team building / corporate
209,20ft Animal Bouncer Bouncy Castle,animal-bouncer-bouncy-castle,publish,Bouncy castles | Bouncy castles > Adults bouncy castles | Bouncy castles hire Aldershot | Bouncy castles hire Alton | Bouncy castles hire Andover | Bouncy castles hire Basingstoke | Bouncy castles hire Camberley | Bouncy castles hire Eastleigh | Bouncy castles hire Fareham | Bouncy castles hire Farnham | Bouncy castles hire Fleet | Bouncy castles hire Gosport | Bouncy castles hire Guildford | Bouncy castles hire Havant | Bouncy castles hire Petersfield | Bouncy castles hire Portsmouth | Bouncy castles hire Ringwood | Bouncy castles hire Romsey | Bouncy castles hire Southampton | Bouncy castles hire Sutton | Bouncy castles hire Totton | Bouncy castles hire Waterlooville | Bouncy castles hire Winchester
1130,3 in 1 Sports Inflatable Game,3-1-sports-inflatable-game,publish,New additions | Sports & Competitive | Stalls & Carnival Games | Stalls & Carnival Games > Side Stalls
2300,4 in 1 Carnival Game,classic-4-in-1-carnival-game,publish,Stalls & Carnival Games
215,50ft Army Assault Course,50ft-army-assault-course,publish,Inflatable Assault Course and Obstacle Course Hire
234,50ft Fun fair assault course,fun-fair-assault-course,publish,Inflatable Assault Course and Obstacle Course Hire
242,56ft Jungle Assault Course,56ft-jungle-assault-course,publish,Inflatable Assault Course and Obstacle Course Hire
1293,56ft Party Time Assault Course,party-time-assault-course-56ft,publish,Inflatable Assault Course and Obstacle Course Hire
222,60ft Army Assault Course,60ft-army-assault-course,publish,Inflatable Assault Course and Obstacle Course Hire
229,75ft Army Assault Course,productsassault-courses-hire75ft-army-assault-course,publish,Inflatable Assault Course and Obstacle Course Hire
1646,80's Retro arcade games,80s-retro-arcade-games,publish,Christmas Party Entertainment | Electronic Games | Winter Party Hire
223,85ft Jungle Assault Course,85ft-jungle-assault-course,publish,Inflatable Assault Course and Obstacle Course Hire | Large Inflatables
1307,86 ft Army Assault Course,86-ft-army-assault-course,publish,Inflatable Assault Course and Obstacle Course Hire
1867,Air hockey table hire,air-hockey-table-hire,publish,Christmas Party Entertainment | Electronic Games | Stalls & Carnival Games
194,All Ages Princess Bouncy Castle 15ft x 16ft,all-ages-princess-bouncy-castle,publish,Bouncy castles | Bouncy castles > Adults bouncy castles | Bouncy castles hire Aldershot | Bouncy castles hire Alton | Bouncy castles hire Andover | Bouncy castles hire Basingstoke | Bouncy castles hire Camberley | Bouncy castles hire Eastleigh | Bouncy castles hire Fareham | Bouncy castles hire Farnham | Bouncy castles hire Fleet | Bouncy castles hire Gosport | Bouncy castles hire Guildford | Bouncy castles hire Havant | Bouncy castles hire Petersfield | Bouncy castles hire Portsmouth | Bouncy castles hire Ringwood | Bouncy castles hire Romsey | Bouncy castles hire Southampton | Bouncy castles hire Sutton | Bouncy castles hire Totton | Bouncy castles hire Waterlooville | Bouncy castles hire Winchester
200,All ages Beach Party Bouncy Castle 15ft x 16ft,beach-party-bouncy-castle,publish,Bouncy castles | Bouncy castles > Adults bouncy castles | Bouncy castles hire Aldershot | Bouncy castles hire Alton | Bouncy castles hire Andover | Bouncy castles hire Basingstoke | Bouncy castles hire Camberley | Bouncy castles hire Eastleigh | Bouncy castles hire Fareham | Bouncy castles hire Farnham | Bouncy castles hire Fleet | Bouncy castles hire Gosport | Bouncy castles hire Guildford | Bouncy castles hire Havant | Bouncy castles hire Petersfield | Bouncy castles hire Portsmouth | Bouncy castles hire Ringwood | Bouncy castles hire Romsey | Bouncy castles hire Southampton | Bouncy castles hire Sutton | Bouncy castles hire Totton | Bouncy castles hire Waterlooville | Bouncy castles hire Winchester
2462,Aquaventronics Revolution Game Hire UK,aquaventronics-revolution-game-hire-uk,publish,Electronic Games
1984,Arcade Games Hire,arcade-games-hire,publish,Electronic Games
320,Archery Hire,productsshooting-archery-and-marksmen-hirearchery,publish,Shooting Games | Sports & Competitive | Team building / corporate
254,Army Slide,army-slide,publish,Mega Slides
1641,Atari Pong Table,atari-pong-table-hire,publish,Christmas Party Entertainment | Electronic Games | Wedding Entertainment | Winter Party Hire
1964,Axe Throwing,axe-throwing-inflatable,publish,Large Inflatables > Games | Stalls & Carnival Games | Team building / corporate
774,Ball Run Challenge,ball-run-challenge,publish,Large Inflatables | Sports & Competitive | Wipeout Challenge
1282,Big Balls Challenge,big-balls-challenge,publish,Large Inflatables | New additions | Sports & Competitive | Wipeout Challenge
2262,Big Red Assault Course,big-red-assault-course,publish,Inflatable Assault Course and Obstacle Course Hire | Large Inflatables > Courses | Team building / corporate | Wipeout Challenge
205,Big Top Bouncy Castle 15ft x 16ft or 20ft,big-top-bouncy-castle,publish,Bouncy castles | Bouncy castles > Adults bouncy castles | Bouncy castles hire Aldershot | Bouncy castles hire Alton | Bouncy castles hire Andover | Bouncy castles hire Basingstoke | Bouncy castles hire Camberley | Bouncy castles hire Eastleigh | Bouncy castles hire Fareham | Bouncy castles hire Farnham | Bouncy castles hire Fleet | Bouncy castles hire Gosport | Bouncy castles hire Guildford | Bouncy castles hire Havant | Bouncy castles hire Petersfield | Bouncy castles hire Portsmouth | Bouncy castles hire Ringwood | Bouncy castles hire Romsey | Bouncy castles hire Southampton | Bouncy castles hire Sutton | Bouncy castles hire Totton | Bouncy castles hire Waterlooville | Bouncy castles hire Winchester
2221,Boot Camp Challenge,boot-camp-challenge-assault-course,publish,Inflatable Assault Course and Obstacle Course Hire | Large Inflatables | Team building / corporate | Wipeout Challenge
293,Bungee Eliminator,bungee-eliminator,publish,Bungee runs | Sports & Competitive
748,Buzz Wire,products-electronic-game-hire-buzz-wire,publish,Christmas Party Entertainment | Electronic Games | Stalls & Carnival Games | Winter Party Hire
337,Candy Floss Hire,candy-floss,publish,Stalls & Carnival Games | Stalls & Carnival Games > Side Stalls
1066,Cash Grabber,electronic-games-cash-grabber,publish,Christmas Party Entertainment | Electronic Games | Wedding Entertainment | Winter Party Hire
211,Celebration Bouncy Castle 15ft x 16ft,celebration-bouncy-castle,publish,Bouncy castles | Bouncy castles > Adults bouncy castles | Bouncy castles hire Aldershot | Bouncy castles hire Alton | Bouncy castles hire Andover | Bouncy castles hire Basingstoke | Bouncy castles hire Camberley | Bouncy castles hire Eastleigh | Bouncy castles hire Fareham | Bouncy castles hire Farnham | Bouncy castles hire Fleet | Bouncy castles hire Gosport | Bouncy castles hire Guildford | Bouncy castles hire Havant | Bouncy castles hire Petersfield | Bouncy castles hire Portsmouth | Bouncy castles hire Ringwood | Bouncy castles hire Romsey | Bouncy castles hire Southampton | Bouncy castles hire Sutton | Bouncy castles hire Totton | Bouncy castles hire Waterlooville | Bouncy castles hire Winchester
1339,Celebration bouncy castle 20x20ft,celebration-bouncy-castle-20x20ft,publish,Bouncy castles | Bouncy castles > Adults bouncy castles | Bouncy castles hire Aldershot | Bouncy castles hire Alton | Bouncy castles hire Andover | Bouncy castles hire Basingstoke | Bouncy castles hire Camberley | Bouncy castles hire Eastleigh | Bouncy castles hire Fareham | Bouncy castles hire Farnham | Bouncy castles hire Fleet | Bouncy castles hire Gosport | Bouncy castles hire Guildford | Bouncy castles hire Havant | Bouncy castles hire Petersfield | Bouncy castles hire Portsmouth | Bouncy castles hire Ringwood | Bouncy castles hire Romsey | Bouncy castles hire Southampton | Bouncy castles hire Sutton | Bouncy castles hire Totton | Bouncy castles hire Waterlooville | Bouncy castles hire Winchester
2328,Chaos 4 player strike a light reaction Game hire uk,chaos-4-player-strike-a-light-reaction-game,publish,Christmas Party Entertainment | Electronic Games
943,Christmas Photo Booth,christmas-photo-booth-hire,publish,Christmas Party Entertainment | Photo Booth Hire | Winter Party Hire
252,Circus Slide,circus-slide,publish,Mega Slides
81,Climbing Wall Hire,climbing-wall-hire,publish,Climbing Wall | Sports & Competitive | Team building / corporate
1659,Cocktail Table Retro games machine,retro-arcade-machine,publish,Christmas Party Entertainment | Electronic Games | Wedding Entertainment | Winter Party Hire
1993,Combat Tag Archery,combat-tag-archery,publish,Large Inflatables | Shooting Games | Sports & Competitive | Team building / corporate
298,Crazy Golf,productssports-competitive-activitiescrazy-golf,publish,Sports & Competitive | Stalls & Carnival Games
1139,Cross Beam Challenge,cross-beam-challenge,publish,Wipeout Challenge
937,Cross Bow Challenge hire,cross-bow-challenge,publish,Stalls & Carnival Games | Stalls & Carnival Games > Side Stalls
91,Dance machine Hire,dance-machine-hire,publish,Christmas Party Entertainment | Electronic Games | Party favourites | Winter Party Hire
1186,Dash-n-grab-hire-Hampshire-Surrey,dash-n-grab-hire-hampshire-surrey,publish,Large Inflatables | New additions | Sports & Competitive | Team building / corporate | Wipeout Challenge
741,Didi Car Racers,didi-racers,publish,Go Kart Hire
2453,Digital Wheel of Fortune,digital-prize-wheel,publish,Electronic Games | Stalls & Carnival Games | Winter Party Hire
167,Dragon bouncy castle with slide,dragon-bouncy-castle,publish,Bouncy castles > Children's bouncy castle Hire | Bouncy castles hire Aldershot | Bouncy castles hire Alton | Bouncy castles hire Andover | Bouncy castles hire Basingstoke | Bouncy castles hire Camberley | Bouncy castles hire Eastleigh | Bouncy castles hire Fareham | Bouncy castles hire Farnham | Bouncy castles hire Fleet | Bouncy castles hire Gosport | Bouncy castles hire Guildford | Bouncy castles hire Havant | Bouncy castles hire Petersfield | Bouncy castles hire Portsmouth | Bouncy castles hire Ringwood | Bouncy castles hire Romsey | Bouncy castles hire Southampton | Bouncy castles hire Sutton | Bouncy castles hire Totton | Bouncy castles hire Waterlooville | Bouncy castles hire Winchester
213,Fairground Bouncy Castle 15ft x 16ft,fairground-bouncy-castle-15ft-x-16ft,publish,Bouncy castles | Bouncy castles > Adults bouncy castles | Bouncy castles hire Aldershot | Bouncy castles hire Alton | Bouncy castles hire Andover | Bouncy castles hire Basingstoke | Bouncy castles hire Camberley | Bouncy castles hire Eastleigh | Bouncy castles hire Fareham | Bouncy castles hire Farnham | Bouncy castles hire Fleet | Bouncy castles hire Gosport | Bouncy castles hire Guildford | Bouncy castles hire Havant | Bouncy castles hire Petersfield | Bouncy castles hire Portsmouth | Bouncy castles hire Ringwood | Bouncy castles hire Romsey | Bouncy castles hire Southampton | Bouncy castles hire Sutton | Bouncy castles hire Totton | Bouncy castles hire Waterlooville | Bouncy castles hire Winchester
256,Fairground Slide,fairground-slide,publish,Mega Slides
1342,Fairground bouncy castle 20x20ft,fairground-bouncy-castle-20x20ft,publish,Bouncy castles | Bouncy castles > Adults bouncy castles | Bouncy castles hire Aldershot | Bouncy castles hire Alton | Bouncy castles hire Andover | Bouncy castles hire Basingstoke | Bouncy castles hire Camberley | Bouncy castles hire Eastleigh | Bouncy castles hire Fareham | Bouncy castles hire Farnham | Bouncy castles hire Fleet | Bouncy castles hire Gosport | Bouncy castles hire Guildford | Bouncy castles hire Havant | Bouncy castles hire Petersfield | Bouncy castles hire Portsmouth | Bouncy castles hire Ringwood | Bouncy castles hire Romsey | Bouncy castles hire Southampton | Bouncy castles hire Sutton | Bouncy castles hire Totton | Bouncy castles hire Waterlooville | Bouncy castles hire Winchester
289,Football Speed Cage,speed-cage,publish,Football Games | Sports & Competitive
363,Garden game package,productsgiant-game-hire,publish,Stalls & Carnival Games
1070,Giant Darts,giant-darts,publish,Stalls & Carnival Games | Stalls & Carnival Games > Side Stalls
285,Giant Velcro Football,giant-velcro-football,publish,Football Games | Sports & Competitive
509,Giant-operation-game-hire-Hampshire-Surrey,giant-operation-game-hire-hampshire-surrey,publish,Christmas Party Entertainment | Electronic Games | New additions | Stalls & Carnival Games | Winter Party Hire
264,Gladiator Jousting,productssports-competitive-activitiesgladiator-jousting,publish,Sports & Competitive
1931,Gold Cup horse racing challenge,gold-cup-horse-racing-challenge,publish,Electronic Games | Simulators | Team building / corporate | Winter Party Hire
1392,Grand Bounce National,the-grand-bounce-national,publish,Large Inflatables | Sports & Competitive | Team building / corporate | Wipeout Challenge
1851,Green Giant 70ft assault course,70ft-army-inflatable-assault-course,publish,Inflatable Assault Course and Obstacle Course Hire | Large Inflatables > Courses
557,Green Screen Dream Machine photo booth,green-screen-dream-machine-photo-booth,publish,Party favourites | Photo Booth Hire
568,Green Screen Photo Booth,green-screen-photo-booth-hire,publish,Photo Booth Hire | Wedding Entertainment
361,High Striker,productsstalls-and-mini-gameshigh-striker,publish,Stalls & Carnival Games
2003,Hover Archery,,draft,(uncategorized)
295,Human Table Football,productsfootball-gameshuman-table-football,publish,Football Games | Sports & Competitive | Team building / corporate
1013,Human Table Football (Ropes),human-table-football-ropes,publish,Football Games | Sports & Competitive
317,Indoor Laser Shooting Game Hire Laser Shot,laser-shot,publish,Electronic Games | Shooting Games | Stalls & Carnival Games | Team building / corporate | Winter Party Hire
2237,Inflatable Assault Course and Obstacle Course Hire,,draft,(uncategorized)
526,Inflatable Base Jump,inflatable-base-jump,publish,Large Inflatables | New additions | Wipeout Challenge
1668,Interactive Play Table,interactive-play-table,publish,Electronic Games | Stalls & Carnival Games
1472,Interactive play system - ips,interactive-play-system,publish,Electronic Games | Sports & Competitive | Stalls & Carnival Games
176,Jungle Bouncy Castle (orange) 12ft X 14ft,jungle-bouncy-castle-2,publish,Bouncy castles > Children's bouncy castle Hire | Bouncy castles hire Aldershot | Bouncy castles hire Alton | Bouncy castles hire Andover | Bouncy castles hire Basingstoke | Bouncy castles hire Camberley | Bouncy castles hire Eastleigh | Bouncy castles hire Fareham | Bouncy castles hire Farnham | Bouncy castles hire Fleet | Bouncy castles hire Gosport | Bouncy castles hire Guildford | Bouncy castles hire Havant | Bouncy castles hire Petersfield | Bouncy castles hire Portsmouth | Bouncy castles hire Ringwood | Bouncy castles hire Romsey | Bouncy castles hire Southampton | Bouncy castles hire Sutton | Bouncy castles hire Totton | Bouncy castles hire Waterlooville | Bouncy castles hire Winchester
2360,Jungle Event Slide,jungle-event-slide,publish,Large Inflatables > Slides | Mega Slides
246,Jungle Slide,jungle-slide,publish,Mega Slides
1411,Kick N Stick foot darts,kick-n-stick-foot-darts,publish,Football Games | Large Inflatables > Games | Sports & Competitive
309,Laser Clay Pigeon Shooting,laser-clay-pigeon-shooting-hire,publish,Shooting Games | Sports & Competitive | Team building / corporate | Wedding Entertainment
312,Laser quest Hire,laser-tag-hire,publish,Large Inflatables | Party favourites | Shooting Games
517,Lights Out Challenge,lights-out-challenge,publish,Christmas Party Entertainment | Electronic Games | New additions | Stalls & Carnival Games | Winter Party Hire
2284,Magic Selfie Mirror,magic-selfie-mirror,publish,Christmas Party Entertainment | Electronic Games | Party favourites | Photo Booth Hire | Winter Party Hire
301,Medieval Human Demolition,medieval-demolition,publish,Large Inflatables | Large Inflatables > Games | Sports & Competitive
2340,Mega Wire Hire,mega-wire,publish,Christmas Party Entertainment | Electronic Games
375,Milking Cows,milking-cows,publish,Stalls & Carnival Games
268,Multi Sports Arena,multi-sports-arena-volleyball-inflatable-hire,publish,Large Inflatables | Large Inflatables > Games | Sports & Competitive | Team building / corporate
991,Party Marquee Hire,party-marquee-hire,publish,Marquees | Party favourites | Wedding Entertainment
1403,Pedal Go Karts,pedal-go-carts,publish,Go Kart Hire | Large Inflatables | Team building / corporate
287,Penalty Shootout,penalty-shootout,publish,Football Games | Sports & Competitive
378,Photo Booth Hire,photo-booth-hire,publish,Photo Booth Hire | Wedding Entertainment
1864,Pick and Mix Stall Hire in Hampshire & Surrey,pick-and-mix-stall-hire-hampshire-surrey,publish,Stalls & Carnival Games
149,Pirate 2 Bouncy Castle 12ft x 14ft,pirate-2-bouncy-castle,publish,Bouncy castles | Bouncy castles > Children's bouncy castle Hire | Bouncy castles hire Aldershot | Bouncy castles hire Alton | Bouncy castles hire Andover | Bouncy castles hire Basingstoke | Bouncy castles hire Camberley | Bouncy castles hire Eastleigh | Bouncy castles hire Fareham | Bouncy castles hire Farnham | Bouncy castles hire Fleet | Bouncy castles hire Gosport | Bouncy castles hire Guildford | Bouncy castles hire Havant | Bouncy castles hire Petersfield | Bouncy castles hire Portsmouth | Bouncy castles hire Ringwood | Bouncy castles hire Romsey | Bouncy castles hire Southampton | Bouncy castles hire Sutton | Bouncy castles hire Totton | Bouncy castles hire Waterlooville | Bouncy castles hire Winchester
250,Pirate Slide,pirate-slide,publish,Mega Slides
240,Pirate ship inflatable,pirate-ship-assault-course,publish,Inflatable Assault Course and Obstacle Course Hire
853,Pit Stop Challenge,pit-stop-challenge,publish,Stalls & Carnival Games
2347,Pixel Play,pixel-play,publish,Electronic Games
266,Pole Jousting,pole-jousting,publish,Sports & Competitive
137,Princess Bouncy Castle 12ft x 14ft,princess-bouncy-castle,publish,Bouncy castles | Bouncy castles > Children's bouncy castle Hire | Bouncy castles hire Aldershot | Bouncy castles hire Alton | Bouncy castles hire Andover | Bouncy castles hire Basingstoke | Bouncy castles hire Camberley | Bouncy castles hire Eastleigh | Bouncy castles hire Fareham | Bouncy castles hire Farnham | Bouncy castles hire Fleet | Bouncy castles hire Gosport | Bouncy castles hire Guildford | Bouncy castles hire Havant | Bouncy castles hire Petersfield | Bouncy castles hire Portsmouth | Bouncy castles hire Ringwood | Bouncy castles hire Romsey | Bouncy castles hire Southampton | Bouncy castles hire Sutton | Bouncy castles hire Totton | Bouncy castles hire Waterlooville | Bouncy castles hire Winchester
180,Princess Bouncy Castle With Side Slide,princess-bouncy-castle-with-slide,publish,Bouncy castles | Bouncy castles > Children's bouncy castle Hire | Bouncy castles hire Aldershot | Bouncy castles hire Alton | Bouncy castles hire Andover | Bouncy castles hire Basingstoke | Bouncy castles hire Camberley | Bouncy castles hire Eastleigh | Bouncy castles hire Fareham | Bouncy castles hire Farnham | Bouncy castles hire Fleet | Bouncy castles hire Gosport | Bouncy castles hire Guildford | Bouncy castles hire Havant | Bouncy castles hire Petersfield | Bouncy castles hire Portsmouth | Bouncy castles hire Ringwood | Bouncy castles hire Romsey | Bouncy castles hire Southampton | Bouncy castles hire Sutton | Bouncy castles hire Totton | Bouncy castles hire Waterlooville | Bouncy castles hire Winchester
163,Princess Pink Bouncy Castle 12ft x 14ft,princess-bouncy-castle-2,publish,Bouncy castles | Bouncy castles > Children's bouncy castle Hire | Bouncy castles hire Aldershot | Bouncy castles hire Alton | Bouncy castles hire Andover | Bouncy castles hire Basingstoke | Bouncy castles hire Camberley | Bouncy castles hire Eastleigh | Bouncy castles hire Fareham | Bouncy castles hire Farnham | Bouncy castles hire Fleet | Bouncy castles hire Gosport | Bouncy castles hire Guildford | Bouncy castles hire Havant | Bouncy castles hire Petersfield | Bouncy castles hire Portsmouth | Bouncy castles hire Ringwood | Bouncy castles hire Romsey | Bouncy castles hire Southampton | Bouncy castles hire Sutton | Bouncy castles hire Totton | Bouncy castles hire Waterlooville | Bouncy castles hire Winchester
1062,Racing Simulator hire,racing-simulator-hire,publish,Christmas Party Entertainment | Electronic Games | Simulators | Winter Party Hire
78,Rodeo Bull Hire,rodeo-bull-hire,publish,Party favourites | Rodeo Rides | Wedding Entertainment
338,Rodeo Pig Hire,rodeo-pig-hire,publish,Rodeo Rides
348,Rodeo Pumpkin Hire,rodeo-pumpkin,publish,Rodeo Rides
342,Rodeo Reindeer Hire,rodeo-reindeer-hire,publish,Christmas Party Entertainment | Rodeo Rides | Winter Party Hire
933,Rodeo Rugby Ball,rodeo-rugby-ball,publish,Rodeo Rides
344,Rodeo Sheep Hire,rodeo-sheep-hire,publish,Rodeo Rides
354,Rodeo Xmas Pudding,rodeo-xmas-pudding,publish,Christmas Party Entertainment | Rodeo Rides | Winter Party Hire
2271,Roll And Bowl Elf Racing Derby Hire,roll-and-bowl-elf-racing-derby-hire,publish,Christmas Party Entertainment | Electronic Games | Winter Party Hire
2278,Roll And Bowl Racing Derby Hire,roll-and-bowl-racing-derby-hire,publish,Electronic Games
978,Santa's Christmas Grotto,santas-christmas-grotto,publish,Christmas Party Entertainment | Stalls & Carnival Games | Winter Party Hire
503,Skateboard Simulator Hire,skateboard-simulator-hire,publish,Simulators | Sports & Competitive
1043,Snowboard Simulator,snowboard-simulator,publish,Christmas Party Entertainment | Simulators | Winter Party Hire
1168,Soft Play Area,soft-play,publish,Stalls & Carnival Games
169,Space Aliens Bouncy Castle,space-aliens-bouncy-castle,publish,(uncategorized)
1317,Space Bouncy Castle 12ft x 14ft,space-bouncy-castle-2,publish,Bouncy castles | Bouncy castles > Children's bouncy castle Hire | Bouncy castles hire Aldershot | Bouncy castles hire Alton | Bouncy castles hire Andover | Bouncy castles hire Basingstoke | Bouncy castles hire Camberley | Bouncy castles hire Eastleigh | Bouncy castles hire Fareham | Bouncy castles hire Farnham | Bouncy castles hire Fleet | Bouncy castles hire Gosport | Bouncy castles hire Guildford | Bouncy castles hire Havant | Bouncy castles hire Petersfield | Bouncy castles hire Portsmouth | Bouncy castles hire Ringwood | Bouncy castles hire Romsey | Bouncy castles hire Southampton | Bouncy castles hire Sutton | Bouncy castles hire Totton | Bouncy castles hire Waterlooville | Bouncy castles hire Winchester
273,Sumo Suit Hire,productsgiant-game-hiresumo-suit-hire,publish,Christmas Party Entertainment | Sports & Competitive | Winter Party Hire
202,Super Bouncer Bouncy Castle 23ft x 28ft,super-bouncer-bouncy-castle,publish,Bouncy castles | Bouncy castles > Adults bouncy castles | Bouncy castles hire Aldershot | Bouncy castles hire Alton | Bouncy castles hire Andover | Bouncy castles hire Basingstoke | Bouncy castles hire Camberley | Bouncy castles hire Eastleigh | Bouncy castles hire Fareham | Bouncy castles hire Farnham | Bouncy castles hire Fleet | Bouncy castles hire Gosport | Bouncy castles hire Guildford | Bouncy castles hire Havant | Bouncy castles hire Petersfield | Bouncy castles hire Portsmouth | Bouncy castles hire Ringwood | Bouncy castles hire Romsey | Bouncy castles hire Southampton | Bouncy castles hire Sutton | Bouncy castles hire Totton | Bouncy castles hire Waterlooville | Bouncy castles hire Winchester
196,Superheroes Bouncy Castle 15ft x 16ft,superheroes-bouncy-castle,publish,Bouncy castles | Bouncy castles > Adults bouncy castles | Bouncy castles hire Aldershot | Bouncy castles hire Alton | Bouncy castles hire Andover | Bouncy castles hire Basingstoke | Bouncy castles hire Camberley | Bouncy castles hire Eastleigh | Bouncy castles hire Fareham | Bouncy castles hire Farnham | Bouncy castles hire Fleet | Bouncy castles hire Gosport | Bouncy castles hire Guildford | Bouncy castles hire Havant | Bouncy castles hire Petersfield | Bouncy castles hire Portsmouth | Bouncy castles hire Ringwood | Bouncy castles hire Romsey | Bouncy castles hire Southampton | Bouncy castles hire Sutton | Bouncy castles hire Totton | Bouncy castles hire Waterlooville | Bouncy castles hire Winchester
262,Surf Simulator hire,surf-simulator-hire,publish,Simulators | Sports & Competitive
1158,The Challenger,the-challenger,publish,Wipeout Challenge
519,"The Last Man Standing, Sweeper (Total Wipeout)",last-man-standing-sweeper,publish,Large Inflatables | Large Inflatables > Games | New additions | Party favourites | Sports & Competitive | Team building / corporate | Wipeout Challenge
1151,The Mangle Run,the-mangle-run,publish,Wipeout Challenge
2346,The Vault,the-vault,publish,Electronic Games
161,Toy Story Bouncy Castle,toy-story-bouncy-castle,publish,Bouncy castles > Children's bouncy castle Hire | Bouncy castles hire Aldershot | Bouncy castles hire Alton | Bouncy castles hire Andover | Bouncy castles hire Basingstoke | Bouncy castles hire Camberley | Bouncy castles hire Eastleigh | Bouncy castles hire Fareham | Bouncy castles hire Farnham | Bouncy castles hire Fleet | Bouncy castles hire Gosport | Bouncy castles hire Guildford | Bouncy castles hire Havant | Bouncy castles hire Petersfield | Bouncy castles hire Portsmouth | Bouncy castles hire Ringwood | Bouncy castles hire Romsey | Bouncy castles hire Southampton | Bouncy castles hire Sutton | Bouncy castles hire Totton | Bouncy castles hire Waterlooville | Bouncy castles hire Winchester
372,Tug of War,tug-of-war,publish,Stalls & Carnival Games
142,Tweenies Box Bouncy Castle,tweenies-box-bouncy-castle,publish,Bouncy castles | Bouncy castles > Children's bouncy castle Hire | Bouncy castles hire Aldershot | Bouncy castles hire Alton | Bouncy castles hire Andover | Bouncy castles hire Basingstoke | Bouncy castles hire Camberley | Bouncy castles hire Eastleigh | Bouncy castles hire Fareham | Bouncy castles hire Farnham | Bouncy castles hire Fleet | Bouncy castles hire Gosport | Bouncy castles hire Guildford | Bouncy castles hire Havant | Bouncy castles hire Petersfield | Bouncy castles hire Portsmouth | Bouncy castles hire Ringwood | Bouncy castles hire Romsey | Bouncy castles hire Southampton | Bouncy castles hire Sutton | Bouncy castles hire Totton | Bouncy castles hire Waterlooville | Bouncy castles hire Winchester
513,Under Pressure / Light Chaser,under-pressure-light-chaser,publish,Christmas Party Entertainment | Electronic Games | New additions | Winter Party Hire
1138,Up and Over Mini Everest,up-and-over-mini-everest,publish,Wipeout Challenge
571,Video & Photo Booth hire,video-photo-booth-hire,publish,Photo Booth Hire
207,Western Bouncy Castle 15ft x 16ft,western-bouncy-castle,publish,Bouncy castles | Bouncy castles > Adults bouncy castles | Bouncy castles hire Aldershot | Bouncy castles hire Alton | Bouncy castles hire Andover | Bouncy castles hire Basingstoke | Bouncy castles hire Camberley | Bouncy castles hire Eastleigh | Bouncy castles hire Fareham | Bouncy castles hire Farnham | Bouncy castles hire Fleet | Bouncy castles hire Gosport | Bouncy castles hire Guildford | Bouncy castles hire Havant | Bouncy castles hire Petersfield | Bouncy castles hire Portsmouth | Bouncy castles hire Ringwood | Bouncy castles hire Romsey | Bouncy castles hire Southampton | Bouncy castles hire Sutton | Bouncy castles hire Totton | Bouncy castles hire Waterlooville | Bouncy castles hire Winchester
2265,Whack A Mole,interactive-digital-whack-a-mole-game,publish,Electronic Games
2344,Whack an Elf,whack-an-elf,publish,Christmas Party Entertainment | Electronic Games
1137,Wibble Wobble Soldiers,wibble-wobble-soldiers,publish,Wipeout Challenge
500,Zorbing hire,zorbing-hire,publish,Large Inflatables | Large Inflatables > Games | New additions | Sports & Competitive
278,bungee run inflatable hire,bungee-run-inflatable-hire,publish,Bungee runs | Sports & Competitive
505,rock-n-roller-gladiator-joust-hire-Hampshire-Surrey,rock-n-roller-gladiator-joust-hire-hampshire-surrey,publish,Large Inflatables | Large Inflatables > Games | New additions | Sports & Competitive
